<?xml version="1.0" encoding="UTF-8"?>
<project-private xmlns="http://www.netbeans.org/ns/project-private/1">
    <editor-bookmarks xmlns="http://www.netbeans.org/ns/editor-bookmarks/2" lastBookmarkId="0"/>
    <open-files xmlns="http://www.netbeans.org/ns/projectui-open-files/2">
        <group>
            <file>file:/C:/Users/mulveys7619/Downloads/BrickProject_SemiComplete/PracticeBrick/src/brickproject/FirstHallway.java</file>
            <file>file:/C:/Users/mulveys7619/Downloads/BrickProject_SemiComplete/PracticeBrick/src/brickproject/DeductCalcs.java</file>
            <file>file:/C:/Users/mulveys7619/Downloads/BrickProject_SemiComplete/PracticeBrick/src/brickproject/BrickProject.java</file>
            <file>file:/C:/Users/mulveys7619/Downloads/BrickProject_SemiComplete/PracticeBrick/src/brickproject/FirstShortHallway.java</file>
            <file>file:/C:/Users/mulveys7619/Downloads/BrickProject_SemiComplete/PracticeBrick/src/brickproject/FrontAndBackStairwell.java</file>
        </group>
    </open-files>
</project-private>
